video_id,title,channel,category,publish_time,views,likes,comments,link
LNnOVLHAoYQ,Salambala - Song Promo | Madharaasi | Sivakarthikeyan | A.R.Murugadoss | Anirudh Ravichander,Junglee Music Tamil,Music,2025-07-29T12:18:44Z,2130579,112784,2026,https://www.youtube.com/watch?v=LNnOVLHAoYQ
nb_fFj_0rq8,Avatar: Fire and Ash | Official Trailer,Avatar,Entertainment,2025-07-28T15:00:09Z,13714787,413785,24302,https://www.youtube.com/watch?v=nb_fFj_0rq8
U5RNADG7axs,PMWC at EWC Survival Stage D1 | English Co stream !insta,Snax Gaming,Gaming,2025-07-29T15:34:58Z,2257862,123394,275,https://www.youtube.com/watch?v=U5RNADG7axs
dRBowc83jVs,"Kingdom - Ragile Ragile Lyrical Video | Vijay Deverakonda, Bhagyashrii | Anirudh Ravichander |Gowtam",Aditya Music,Music,2025-07-29T04:39:06Z,1549523,88221,2163,https://www.youtube.com/watch?v=dRBowc83jVs
xqdXSA8hNI4,"KINGDOM Official Trailer | Vijay Deverakonda, Satya Dev, Bhagyashrii | Anirudh | Gowtam Tinnanuri",Sithara Entertainments,Entertainment,2025-07-26T17:10:08Z,8556462,316893,9514,https://www.youtube.com/watch?v=xqdXSA8hNI4
ifgwgb_RKYY,"Aavan Jaavan Song Teaser | WAR 2 | Hrithik Roshan, Kiara | Pritam, Arijit Singh, Nikhita | Amitabh B",YRF,Music,2025-07-30T08:30:05Z,4426929,31613,1349,https://www.youtube.com/watch?v=ifgwgb_RKYY
HiAOSM_i-AE,Kaantha Official Tamil Teaser | Dulquer Salmaan | Samuthirakani | Bhagyashri Borse | Rana Daggubati,Dulquer Salmaan,Film & Animation,2025-07-28T11:09:13Z,660917,30538,918,https://www.youtube.com/watch?v=HiAOSM_i-AE
hdi8Fp874_U,Let's Get Crafty! üî®Clash of Clans Animation,Clash of Clans,Gaming,2025-07-29T14:01:09Z,2144553,53401,1097,https://www.youtube.com/watch?v=hdi8Fp874_U
0epWXkEXaDM,Wildfires - Shaky Shaky (Official Music Video) ft. Sanju Rathod,WildfiresVEVO,Music,2025-07-27T21:30:25Z,1829427,7295,77,https://www.youtube.com/watch?v=0epWXkEXaDM
kqAbnVcJMiQ,"Official Trailer - Shaadi Ek Sauda | Richa Dixit, Anara Gupta, Manukrishna, | Bhojpuri Movie 2025",Bhojpuri Cinema TV Channel,Entertainment,2025-07-29T01:30:39Z,544622,2754,45,https://www.youtube.com/watch?v=kqAbnVcJMiQ
6alGb-FEhr0,From BIrth to Death as A Labubu Doll in Minecraft..,Carry Depie,Gaming,2025-07-29T09:44:33Z,807642,20844,457,https://www.youtube.com/watch?v=6alGb-FEhr0
N4wK3NtVRT0,"Pardesiya - Param Sundari | Sidharth M, Janhvi K | Sachin-Jigar, Sonu Nigam, Krishnakali, Amitabh B",Universal Music India,Music,2025-07-30T06:42:01Z,3110542,43002,5651,https://www.youtube.com/watch?v=N4wK3NtVRT0
oSfZT5RxEI4,Avatar: Fire and Ash Trailer Review | Yogi Bolta Hai,YOGI BOLTA HAI,Entertainment,2025-07-28T16:31:07Z,495584,22381,827,https://www.youtube.com/watch?v=oSfZT5RxEI4
U85humetKQg,Choo Choo Charles Ne Aaj Sach Mein Dara Diya üò± | LIVE Horror Gameplay | Kumar Gaming,Kumar Gaming ,Gaming,2025-07-30T05:32:41Z,795838,3630,0,https://www.youtube.com/watch?v=U85humetKQg
Qk6PI-oABvs,SAIYAARA | Kishor Kumar || Haye Main Mar Hi jau || Old Goldern Era Viral Song,Qamworld,Music,2025-07-29T10:34:16Z,530704,0,590,https://www.youtube.com/watch?v=Qk6PI-oABvs
zxalbzxCBf8,WTF! - Avatar: Fire & Ash Trailer breakdown,ComicVerse,Entertainment,2025-07-29T05:10:22Z,330750,18080,491,https://www.youtube.com/watch?v=zxalbzxCBf8
mYdaPC_B6Yc,KAL TUMHARE BHAI KA BIRTHDAY HE | RANK PUSH TO TOP 4 | BGMI LIVE,LoLzZz Gaming,Gaming,2025-07-29T23:53:25Z,724605,42148,225,https://www.youtube.com/watch?v=mYdaPC_B6Yc
zSZ88NyzUEs,DIVINE - Aag | Prod. by Abhijay Sharma | Official Music Video,DIVINE,Music,2025-07-29T06:30:07Z,766684,78650,4424,https://www.youtube.com/watch?v=zSZ88NyzUEs
BdSgJv7nsTE,Sumathi Valavu | Official Trailer | Arjun Ashokan | Vishnu Sasi Shankar| Abhilash Pillai |Ranjin Raj,Muzik247,Entertainment,2025-07-27T13:33:36Z,730846,23311,802,https://www.youtube.com/watch?v=BdSgJv7nsTE
6v78yWGJlYw,HOW TO COMPLETE NARUTO EVENT| FREE FIRE NEW EVENT| FF NEW EVENT TODAY| NEW FF EVENT|GARENA FREE FIRE,Technical AT Gamer,Autos & Vehicles,2025-07-30T03:26:16Z,242482,7183,226,https://www.youtube.com/watch?v=6v78yWGJlYw
VoU7m6_8u_8,üò≠‡§®‡§Ø‡§æ ‡§¶‡§∞‡•ç‡§¶ ‡§≠‡§∞‡§æ ‡§≠‡§æ‡§µ‡•Å‡§ï #Video Rakhi Kajari geet-‡§∞‡§æ‡§ñ‡•Ä ‡§ï‡§ú‡§∞‡•Ä ‡§ó‡•Ä‡§§| ‡§∏‡§æ‡§§ ‡§¨‡§π‡§ø‡§®‡§ø‡§Ø‡§æ ‡§ï‡•á ‡§è‡§ï ‡§π‡•Ä ‡§µ‡•Ä‡§∞‡§®‡§µ‡§æ| #kajiri2025,Madhu Ke Geet,Music,2025-07-28T04:50:43Z,457427,1559,87,https://www.youtube.com/watch?v=VoU7m6_8u_8
eKr9h70guPQ,Avatar: Fire And Ash Trailer REVIEW | Deeksha Sharma,Filmi Indian,Entertainment,2025-07-29T07:39:34Z,246366,9368,429,https://www.youtube.com/watch?v=eKr9h70guPQ
15Kf9bzRjb8,Shinchan and Nobita Adopted by SQUID GAME Family! ü•≥,Tyro Gaming,Gaming,2025-07-29T14:06:48Z,344553,4141,299,https://www.youtube.com/watch?v=15Kf9bzRjb8
Y9ZrQiKaQCE,#Video | #Ashish Yadav ‡§ï‡§æ ‡§è‡§ï ‡§î‡§∞ ‡§∞‡§ï‡•ç‡§∑‡§æ‡§¨‡§Ç‡§ß‡§® ‡§∏‡•ç‡§™‡•á‡§∂‡§≤ ‡§ó‡•Ä‡§§ | ‡§™‡§ü‡§®‡§æ ‡§∏‡•á ‡§Ö‡§á‡§≤‡•Ä‡§Ø‡•ã ‡§ó‡•á ‡§¨‡§π‡§ø‡§® | #Raksha Bandhan Song,Aashish Yadav Entertainment,Music,2025-07-30T00:23:48Z,213043,11417,609,https://www.youtube.com/watch?v=Y9ZrQiKaQCE
i06XbHXq_1g,Avatar 3 Fire and Ash Tamil Trailer Breakdown (‡Æ§‡ÆÆ‡Æø‡Æ¥‡Øç),Mokka Commentry,Entertainment,2025-07-29T03:41:50Z,123769,8093,267,https://www.youtube.com/watch?v=i06XbHXq_1g
nA_bNK9ProE,Long Slide Game With Elephant Gorilla Buffalo Hippopotamus Tiger 3d Animal Game Funny 3d Animals,Firodaliso FunAnimation,Entertainment,2025-07-29T10:41:58Z,657909,45715,860,https://www.youtube.com/watch?v=nA_bNK9ProE
scGJUuYaB88,‡§®‡§æ‡§ó ‡§™‡§Ç‡§ö‡§Æ‡•Ä ‡§∏‡•ç‡§™‡•á‡§∂‡§≤ ~ ‡§®‡§æ‡§ó ‡§®‡§æ‡§ó‡§ø‡§® ‡§ï‡•Ä ‡§¶‡•Å‡§É‡§ñ ‡§≠‡§∞‡•Ä ‡§ï‡§π‡§æ‡§®‡•Ä ~ ‡§Ü‡§≤‡•ç‡§π‡§æ ‡§∏‡•ç‡§µ‡§∞ -‡§∏‡§Ç‡§ú‡•ã ‡§¨‡§ò‡•á‡§≤ ~ Naag Panchami Katha,Sanjo Baghel Aalha,Music,2025-07-28T13:30:56Z,248551,1119,37,https://www.youtube.com/watch?v=scGJUuYaB88
gtzvGX22l10,Vikram Thakor | ‡™≠‡´ã‡™≥‡™æ ‡™®‡´ã ‡™≠‡™ó‡™µ‡™æ‡™® ‡™µ‡™ø‡™ï‡´ç‡™∞‡™Æ ‡™†‡™æ‡™ï‡´ã‡™∞ | Trailer New Film 2025 | Bansri Films,Bansari Films,Music,2025-07-28T13:30:38Z,160994,9316,560,https://www.youtube.com/watch?v=gtzvGX22l10
E4ag_nJ-5Fo,[EN] 2025 PMWC at EWC Survival Stage D1 | PUBG MOBILE WORLD CUP at ESPORTS WORLD CUP,PUBG MOBILE Esports,Gaming,2025-07-29T16:01:31Z,660727,12110,112,https://www.youtube.com/watch?v=E4ag_nJ-5Fo
SBfjg2VDqXw,Raat Ke Shikari (Full Video) Masoom Sharma | Sweta Chauhan | Yash | New Haryanvi Song 2025 | Sonotek,Sonotek Music,Music,2025-07-28T06:46:33Z,623611,14463,423,https://www.youtube.com/watch?v=SBfjg2VDqXw
quS0KgQzCQ0,ANDAAZ 2 | Official Trailer | Aayush Kumar | Aakaisha | Natasha Fernandez | Suneel Darshan #andaaz2,Shree Krishna International,Entertainment,2025-07-28T12:30:03Z,5514634,51006,1500,https://www.youtube.com/watch?v=quS0KgQzCQ0
cP3bLjhtnOE,"Rs1 vs Rs1,00,000 Luxury Mountain Mining in Minecraft @ProBoiz95",Junkeyy,Gaming,2025-07-29T13:06:41Z,489623,12542,680,https://www.youtube.com/watch?v=cP3bLjhtnOE
pJAUCAiXJnE,‡§®‡§æ‡§ó‡§™‡§Ç‡§ö‡§Æ‡•Ä ‡§µ‡§ø‡§∂‡•á‡§∑ ‡§Æ‡§∞‡§æ‡§†‡•Ä ‡§ó‡§æ‡§£‡•Ä | ‡§≠‡§ï‡•ç‡§§‡•Ä ‡§ó‡•Ä‡§§‡•á | ‡§µ‡§æ‡§∞‡•Å‡§≥‡§æ‡§≤‡§æ ‡§ú‡§æ‡§ä‡§Ø‡§æ ‡§®‡§æ‡§ó‡•ã‡§¨‡§æ‡§≤‡§æ ‡§™‡•Å‡§ú‡•Ç‡§Ø‡§æ | Nag Panchami Marathi Songs,‡§ú‡§Ø ‡§ú‡§Ø ‡§∏‡•ç‡§µ‡§æ‡§Æ‡•Ä ‡§∏‡§Æ‡§∞‡•ç‡§•,People & Blogs,2025-07-29T00:00:54Z,416274,1575,76,https://www.youtube.com/watch?v=pJAUCAiXJnE
-YGE_N1mJUo,Paaji Tussi Dil Lelo ‚ãÆ Avatar Fire And Ash Trailer Review,PJ Explained,Film & Animation,2025-07-29T05:42:50Z,215370,11546,955,https://www.youtube.com/watch?v=-YGE_N1mJUo
W6UX2FNRYEE,Long Slide Game With Cow Elephant Gorilla Hippopotamus Tiger 3d Animal Game Funny 3d Animals,King Queen 3D,People & Blogs,2025-07-29T13:51:26Z,921724,80009,4545,https://www.youtube.com/watch?v=W6UX2FNRYEE
ULoDF6uKO28,Radu Nako Bala Mi Panyala Jate | Original Song | Shivani Shinde | Gavlan | Sumeet Music,Sumeet Music,Music,2025-07-27T13:04:11Z,571530,8261,229,https://www.youtube.com/watch?v=ULoDF6uKO28
o-OCKLgwu1w,Avatar Fire and Ash Trailer ‚Ä¢ Reaction,thePJ,Gaming,2025-07-28T15:46:09Z,184924,12943,568,https://www.youtube.com/watch?v=o-OCKLgwu1w
Fgj-hLNda6o,ITACHI ASCENSION EVENT FREE FIRE | ITACHI BUNDLE TOKEN TOWER EVENT | FREE FIRE NEW EVENT ,JEROX GAMING,Gaming,2025-07-30T04:35:03Z,174447,5918,491,https://www.youtube.com/watch?v=Fgj-hLNda6o
Ht3cyzgve0E,#Video - #Raushan Rohi #‡§∞‡§Ç‡§ó‡§¶‡§æ‡§∞‡•Ä #‡§Æ‡§ó‡§π‡•Ä ‡§ó‡§æ‡§®‡§æ - ‡§´‡§∞‡§æ‡§∞ - #Srishti Bharti - #Rangdari #Maghi Song 2025,Raushan Rohi Entertainment,Music,2025-07-28T09:20:52Z,658906,48371,4393,https://www.youtube.com/watch?v=Ht3cyzgve0E
icDHOS6riDU,COOLIE -OFFICIAL TRAILER | Rajnikant | Nagarjuna | Amir Khan | Lokesh Kanagaraj| Anirudh Ravichander,"T Movies  ‚Ä¢ 8.5M views ‚Ä¢ 5 hours ago


.",People & Blogs,2025-07-26T13:18:08Z,174019,3645,30,https://www.youtube.com/watch?v=icDHOS6riDU
yX5O3-gYAaw,"I Got Legendary Itachi Bundle In 50,000 Diamonds üò± Garena Free Fire ",LOKESH GAMER,Gaming,2025-07-30T05:47:13Z,242954,18113,2461,https://www.youtube.com/watch?v=yX5O3-gYAaw
BkXnmEOJXJw,"2025 ‡§®‡§æ‡§ó‡§™‡§Ç‡§ö‡§Æ‡•Ä Special: ‡§®‡§æ‡§ó‡§™‡§Ç‡§ö‡§Æ‡•Ä ‡§ï‡•Ä ‡§ï‡§•‡§æ | Nag Panchami Song 2025, Nag Panchami Bhajan, Nag Panchami",Sonotek Bhakti,Music,2025-07-28T12:30:14Z,359695,2188,207,https://www.youtube.com/watch?v=BkXnmEOJXJw
PExQtC5e9IU,Sathi Leelavathi - Official Teaser | Lavanya Tripathi | Dev Mohan | Satya Tatineni | Mickey J Meyer,Zee Music South,Entertainment,2025-07-29T05:00:16Z,431523,4536,92,https://www.youtube.com/watch?v=PExQtC5e9IU
lZDZz1oN-W8,Long Slide Game With Cow Elephant Gorilla Hippopotamus Tiger - 3d Animal Game - Funny 3d Animals,Teodorissimo - FunAnimation,Entertainment,2025-07-29T07:10:38Z,719909,44900,886,https://www.youtube.com/watch?v=lZDZz1oN-W8
uQAv2IwrdXo,"Mallika Gandha - Music Video | Telusu Kada | Siddu Jonnalagadda, Raashii Khanna,Thaman S, Sid Sriram",Tips Telugu,Music,2025-07-28T12:45:03Z,4845150,39382,698,https://www.youtube.com/watch?v=uQAv2IwrdXo
BhPmXW24Z_0,PROJECT HAIL MARY - Hindi Trailer | Releasing Exclusively In Cinemas 20 March 2026,Sony Pictures India,Entertainment,2025-07-29T12:30:31Z,187335,7247,170,https://www.youtube.com/watch?v=BhPmXW24Z_0
XjoA7902Eew,Free Fire Max Live With Never Fold Gaming || Road To 1 MillionüéØ|| #freefirelive #shortsfeed,Never Fold Gaming,Gaming,2025-07-29T17:36:04Z,534622,11568,0,https://www.youtube.com/watch?v=XjoA7902Eew
eTa-R-fR-u4,#Ujala Yadav ‡§ï‡§æ #‡§¨‡§ø‡§∞‡§π‡§æ | ‡§®‡§æ‡§≤‡§æ‡§∏‡•ã‡§™‡§æ‡§∞‡§æ ‡§ï‡§æ‡§Ç‡§° - ‡§µ‡§ø‡§ú‡§Ø ‡§ö‡•å‡§π‡§æ‡§® ‡§ï‡•Ä ‡§≤‡§æ‡§∂ ‡§Æ‡§ø‡§≤‡•Ä ‡§ü‡§æ‡§á‡§≤‡•ç‡§∏ ‡§ï‡•á ‡§Ö‡§Ç‡§¶‡§∞ ‡§™‡§§‡•ç‡§®‡•Ä ‡§®‡•á ‡§¨‡§§‡§æ‡§Ø‡§æ ‡§∏‡§ö,Ujala Yadav Official,Music,2025-07-28T10:48:35Z,156430,2076,225,https://www.youtube.com/watch?v=eTa-R-fR-u4
gNLS3HWihiE,Khalid ka Shivaji I 8th Aug I Official Trailer I Raj More I Michael Thevar I Priyadarshan Jadhav,P P Cine Production,People & Blogs,2025-07-29T06:33:27Z,67592,4324,844,https://www.youtube.com/watch?v=gNLS3HWihiE
4K6MsktgQpc,FULL RUSH GAMEPLAY | ericislive #shortslive #bgmi #bgmilive #bgmishorts #transformers,ERIC is LIVE,Gaming,2025-07-30T03:52:01Z,586106,4079,0,https://www.youtube.com/watch?v=4K6MsktgQpc
I5EtG8ZTgKU,"Enna Sugam - Lyrical | Idli Kadai | Dhanush, Nithya Menen | GV Prakash Kumar",Saregama Tamil,Music,2025-07-27T12:28:07Z,6764736,76671,2498,https://www.youtube.com/watch?v=I5EtG8ZTgKU
ODHh6oe4MlE,Eyes of Wakanda | Official Trailer,Marvel Entertainment,Entertainment,2025-07-28T16:00:39Z,852362,40862,1787,https://www.youtube.com/watch?v=ODHh6oe4MlE
zZQVoaD3Kbw,Franklin Change House to School Bus in Indian Bike Driving 3D,NpsDude,Gaming,2025-07-29T09:23:05Z,338468,1938,20,https://www.youtube.com/watch?v=zZQVoaD3Kbw
x9M35uWfbsU,‡§®‡§æ‡§ó ‡§™‡§Ç‡§ö‡§Æ‡•Ä ‡§∏‡•ç‡§™‡•á‡§∂‡§≤ ‡§≠‡§ú‡§® 2025 | Naag Panchami Bhajan | Naag Panchami Song | Shiv Bhajan | Bhajan | ‡§≠‡§ú‡§®,Bhakti Sadhna ‡§≠‡§ï‡•ç‡§§‡§ø ‡§∏‡§æ‡§ß‡§®‡§æ,Music,2025-07-28T11:31:00Z,377247,2140,129,https://www.youtube.com/watch?v=x9M35uWfbsU
ffjVO1Ha1Ck,Pushpa 3: The Rampage - Official Trailer | Allu Arjun | Rashmika M | Vijay D | Fahadh F | Sukumar,Unreal Movies,Entertainment,2025-07-27T13:59:07Z,97302,830,28,https://www.youtube.com/watch?v=ffjVO1Ha1Ck
W27rTZTqfwQ,Shinchan Green Gang Crashed The Plane Of Franklin Blue Gang In GTA 5!,Flight Gamer,Gaming,2025-07-29T07:35:00Z,437734,11116,1201,https://www.youtube.com/watch?v=W27rTZTqfwQ
yJYTtkaVdtw,Kohram Intro - Dhanda Nyoliwala,Dhanda Nyoliwala,Music,2025-07-29T17:15:07Z,398191,57163,4179,https://www.youtube.com/watch?v=yJYTtkaVdtw
_YUD8D26x7A,"Hrithik Roshan-NTR Jr ‡§ï‡•Ä War 2 Trailer ‡§®‡•á ‡§§‡§ó‡§°‡§º‡§æ ‡§¨‡§ú‡§º ‡§¨‡§®‡§æ ‡§¶‡§ø‡§Ø‡§æ, Rajinikanth ‡§ï‡•Ä Coolie ‡§≠‡•Ä ‡§™‡•Ä‡§õ‡•á ‡§®‡§π‡•Ä‡§Ç",Lallantop Cinema,Entertainment,2025-07-29T12:30:47Z,71219,1946,197,https://www.youtube.com/watch?v=_YUD8D26x7A
UxU3RceDIn0,I BUILT MY OWN GAMING CAFE,Techno,Entertainment,2025-07-30T06:30:17Z,528157,41857,2742,https://www.youtube.com/watch?v=UxU3RceDIn0
wpCQxnd2h7o,‡≤®‡≤æ‡≤ó‡≤∞ ‡≤™‡≤Ç‡≤ö‡≤Æ‡≤ø ‡≤µ‡≤ø‡≤∂‡≥á‡≤∑ ‡≤ó‡≥Ä‡≤§‡≥Ü‡≤ó‡≤≥‡≥Å | Nagara panchami Vishesha Geetegalu | Nagadevatha Songs | Nagara Panchami,Hrishi Audio Video,Music,2025-07-28T23:30:30Z,120748,524,20,https://www.youtube.com/watch?v=wpCQxnd2h7o
TX32VmOYNhU,Trailer!! ‡®§‡®≤‡®æ‡®ï ‡®ö‡©∞‡®ó‡®æ ‡®ú‡®æ‡®Ç ‡®Æ‡©å‡®§ (‡®≠‡®æ‡®ó-40) Talaq Ja Maut (Ep-40),Natt TV,Entertainment,2025-07-30T03:28:11Z,20139,650,9,https://www.youtube.com/watch?v=TX32VmOYNhU
dMyVPxmEtas,Terrifying Journey !! World Most Dangerous Road Routes - Euro Truck Simulator 2,ALICE STREAM,Gaming,2025-07-29T08:28:51Z,1294416,3574,0,https://www.youtube.com/watch?v=dMyVPxmEtas
PEsKn6gIDZ0,Khesari Lal Yadav | ‡§ó‡•á‡§∞‡•Å‡§Ü ‡§ï‡§≤‡§∞ | Bol Bam | Khushi Kakkar | Gerua Kalar | Jyoti Das | Song 2025 | GMJ,GMJ - Global Music Junction - Bhojpuri,Music,2025-07-28T00:30:30Z,713922,49479,3479,https://www.youtube.com/watch?v=PEsKn6gIDZ0
irXTps1REHU,Eternity | Official Trailer HD | A24,A24,Film & Animation,2025-07-29T12:59:00Z,972694,36367,2156,https://www.youtube.com/watch?v=irXTps1REHU
nRSx3pOHtpY,SHINCHAN AND FRANKLIN TRIED THE IMPOSSIBLE SPIRAL MEGA RAMP PARKOUR CHALLENGE GTA 5,Yippi Gaming,Gaming,2025-07-30T04:15:03Z,57680,656,16,https://www.youtube.com/watch?v=nRSx3pOHtpY
BMipjDbZO6c,"Main Kisi Aur Ka Hun Filhal | Akshay Kumar Ft Nupur Sanon | B Praak, Jaani | Arvindr K | Ammy Virk",Mohammad Shehab Pathan,Music,2025-07-25T00:56:53Z,193846,1205,10,https://www.youtube.com/watch?v=BMipjDbZO6c
sJlJawjMLnc,Coolie - Trailer (Hindi) | Rajinikanth | Nagarjuna | | Lokesh Kanagaraj | Amir Khan,Next Frame Films,People & Blogs,2025-07-29T10:27:09Z,97043,1631,21,https://www.youtube.com/watch?v=sJlJawjMLnc
sh1jti93JSM,Revive Karde Prank on 9 Years Old Kid ü§™ Tonde Gamer,Tonde Gamer,Gaming,2025-07-28T13:37:18Z,659272,36931,1554,https://www.youtube.com/watch?v=sh1jti93JSM
N_M3OgPOjIs,"‡§∏‡§æ‡§µ‡§® ‡§¨‡•Å‡§ß‡§µ‡§æ‡§∞ ‡§∏‡•ç‡§™‡•á‡§∂‡§≤ : ‡§Ü‡§ú ‡§ï‡•á ‡§¶‡§ø‡§® "" ‡§ó‡§£‡•á‡§∂ ‡§ú‡•Ä ‡§ï‡•Ä ‡§ö‡§Æ‡§§‡•ç‡§ï‡§æ‡§∞‡•Ä ‡§ï‡§•‡§æ "" ‡§∏‡•Å‡§®‡§®‡•á ‡§∏‡•á ‡§∏‡§≠‡•Ä ‡§Æ‡§®‡•ã‡§ï‡§æ‡§Æ‡§®‡§æ‡§è‡§Ç ‡§™‡•Ç‡§∞‡•ç‡§£ ‡§π‡•ã‡§§‡•Ä ‡§π‡•à",Bhakti Darshan,Music,2025-07-29T22:15:01Z,50226,558,65,https://www.youtube.com/watch?v=N_M3OgPOjIs
ZCVPhZDNYoE,Yogi Vs Sanjay datt | Son Of Sardaar 2 Baan By Yogi | Ajay Devgan Angery | Trailer | Advance Booking,B H Movies,Entertainment,2025-07-26T13:00:06Z,923843,13221,1550,https://www.youtube.com/watch?v=ZCVPhZDNYoE
SwBrCpetFvM,"OBITO MINATO  + T-SHIRT ALL REWARDSüî• para SAMSUNG,A3,A5,A6,A7,J2,J5,J7,S5,S6,S7,S9,A10,A20,A30,A50",Kreation Army,Gaming,2025-07-29T17:20:24Z,282409,17916,1290,https://www.youtube.com/watch?v=SwBrCpetFvM
S5Y7dG8mnKA,Mummy Ban Jawegi | 9 ‡§Æ‡§π‡•Ä‡§®‡•á ‡§Æ‡•á‡§Ç ‡§π‡•ã‡§µ‡•á ‡§§‡•á‡§∞‡•á ‡§¨‡§æ‡§≤‡§ï | Official Video | Farmani Naaz | Rahul | Anil Rawat,Naaz Music,Music,2025-07-26T13:11:01Z,187856,3367,130,https://www.youtube.com/watch?v=S5Y7dG8mnKA
5evk5FPYHdQ,"Official Trailer | ‡§∏‡§à‡§Ø‡§æ‡§Å ‡§ú‡•Ä ‡§ï‡•Ä ‡§ú‡§Ø ‡§π‡•ã  Vikrant Singh, Chandani Singh, Priti Morya Bhojpuri Movie 2025",Sur Music ,Music,2025-07-30T00:30:04Z,46528,786,29,https://www.youtube.com/watch?v=5evk5FPYHdQ
52LHfBEWZQY,Who will Choose Correct LEVER in Minecraft..,Karry Kraft,Gaming,2025-07-29T12:05:38Z,285833,3583,156,https://www.youtube.com/watch?v=52LHfBEWZQY
ryqga9rWugw,‡§®‡§æ‡§ó ‡§™‡§Ç‡§ö‡§Æ‡•Ä ‡§ï‡•Ä ‡§Ö‡§Æ‡§∞ ‡§ï‡§•‡§æ | ‡§ú‡§Ø ‡§∂‡•ç‡§∞‡•Ä ‡§®‡§æ‡§ó ‡§¶‡•á‡§µ‡§§‡§æ ‡§Ü‡§∞‡§§‡•Ä | Naag Panchami Ki Kahani | Nag Panchami Ki Katha,Rudradhari Mahadev,Music,2025-07-28T23:30:16Z,186483,1442,93,https://www.youtube.com/watch?v=ryqga9rWugw
E1VlR-Phr2Y,‡§ü‡§æ‡§Ç‡§ó‡§æ ‡§™‡§≤‡§ü‡•Ä ‡§ò‡•ã‡§°‡•á ‡§´‡§∞‡§æ‡§∞ - Official Trailer(Tanga Palti Ghode Farrar) | Kartick B Kolpe | KFC Production,KFC Production,Film & Animation,2025-07-30T05:30:05Z,11488,1011,92,https://www.youtube.com/watch?v=E1VlR-Phr2Y
ahyDfeSdFG4,ITACHI mil gaya üíÄ -10000 DIAMONDS üíé NARUTO x FREE FIRE,SATVIK,Gaming,2025-07-30T08:42:24Z,373862,21047,1709,https://www.youtube.com/watch?v=ahyDfeSdFG4
40oOojjU_SM,Khasa Aala Chahar (Official Video) Family | Rakhi Lohchab | New Haryanvi Song 2025 |Tseries Haryanvi,T-SERIES HARYANVI,Music,2025-07-29T05:47:41Z,2670247,119076,10737,https://www.youtube.com/watch?v=40oOojjU_SM
59G4Tv951sE,CRAZY! ü§Ø $2 Billion on Avatar: Fire and Ash | Trailer Review,ABHI KA REVIEW,Entertainment,2025-07-28T15:46:36Z,141005,4743,205,https://www.youtube.com/watch?v=59G4Tv951sE
sfAovT9NPzA,I Stole OWNER ONLY BRAINROT in Steal a Brainrot Roblox! ,SenpaiUnlimited,Gaming,2025-07-29T05:41:05Z,475263,8658,854,https://www.youtube.com/watch?v=sfAovT9NPzA
FEFwZ5Xt8fw,"#Video | ‡§°‡•ç‡§∞‡§æ‡§à‡§µ‡§∞ ‡§Ö‡§≠‡•Ä ‡§®‡§Ø‡§æ ‡§¨‡§æ | #Khesari Lal Yadav , Khushi Kakkar | New Bol Bam Song 2025",Folktune Studio ,People & Blogs,2025-07-26T13:15:57Z,196977,1188,9,https://www.youtube.com/watch?v=FEFwZ5Xt8fw
EZ7sI5qnxO8,Chal Mera Putt 4 (Trailer) | Amrinder Gill | Simi Chahal | Releasing 1st August 2025,Rhythm Boyz,Music,2025-07-26T03:00:36Z,2422148,47766,1253,https://www.youtube.com/watch?v=EZ7sI5qnxO8
OWKzGqVIwyQ,IMPORTING SUPERS CARS from LIBERTY CITY in GTA 5 Real Life!üî•#9,Dattrax Gaming,Gaming,2025-07-29T03:00:22Z,499232,25234,3433,https://www.youtube.com/watch?v=OWKzGqVIwyQ
65j6Dp-uo08,#Video | ‡§≤‡•Å‡§ó‡§µ‡§æ ‡§ì‡•ù ‡§ï‡•á ‡§ö‡§≤‡•á | #Aashish Yadav | Lugawa Odh Ke Chale | New #Magahi Song | #Wave Music,Wave Music,Music,2025-07-28T01:15:00Z,580261,17902,659,https://www.youtube.com/watch?v=65j6Dp-uo08
vzeuueHCNkE,üî¥ FREE FIRE LIVEüëªGARENA FREE FIREüíÄGUILD TEST LIVE !! GAMING NINJA #fflive #shortslive #ff #shorts,NINJA TIME,Gaming,2025-07-29T19:19:57Z,716932,10137,2,https://www.youtube.com/watch?v=vzeuueHCNkE
W_khBdqN-bs,‡∞®‡∞æ‡∞ó‡±Å‡∞≤ ‡∞™‡∞Ç‡∞ö‡∞Æ‡∞ø ‡∞∏‡±ç‡∞™‡±Ü‡∞∑‡∞≤‡±ç ‡∞≠‡∞ï‡±ç‡∞§‡∞ø ‡∞™‡∞æ‡∞ü‡∞≤‡±Å || ‡∞®‡∞æ‡∞ó‡∞∞‡∞æ‡∞ú‡±Å ‡∞Ö‡∞Æ‡±É‡∞§ ‡∞µ‡∞∞‡±ç‡∞∑‡∞ø‡∞®‡∞ø || Nagula Panchami Special Bhakti Songs,Maha Mantram - ‡∞Æ‡∞π‡∞æ ‡∞Æ‡∞Ç‡∞§‡±ç‡∞∞‡∞Ç ,Music,2025-07-28T23:30:08Z,88084,503,20,https://www.youtube.com/watch?v=W_khBdqN-bs
aGqs-IrBeWM,PMWC at EWC Survival Stage Day-1 | English Co-stream #game‡§∂‡•Å‡§∞‡•Ç,MortaL,Gaming,2025-07-29T15:47:09Z,352555,21095,85,https://www.youtube.com/watch?v=aGqs-IrBeWM
SdhIsFBeZio,‡§®‡§æ‡§ó ‡§™‡§Ç‡§ö‡§Æ‡•Ä - ‡§®‡§æ‡§ó ‡§™‡§Ç‡§ö‡§Æ‡•Ä ‡§ï‡§æ ‡§§‡•ç‡§Ø‡•å‡§π‡§æ‡§∞ ‡§Ü‡§Ø‡§æ  | Naag Panchmi Ka Aaya  | Naag Panchami Song | Shiv Bhajan,Upasana Mehta Bhajan,Music,2025-07-28T12:30:37Z,109161,615,27,https://www.youtube.com/watch?v=SdhIsFBeZio
eZdNm3mquzQ,3.9 UPDATE IS HERE IN BGMI SOLO VS SQUADüî• #bgmi #bgmilive #shortsfeed #shortslive,NeonXPawanOP,Gaming,2025-07-29T19:13:18Z,365443,5319,0,https://www.youtube.com/watch?v=eZdNm3mquzQ
gsM0YSX_fqA,"Duniya Alag | Dhadak 2 | Siddhant C, Triptii Dimri | Arijit Singh, Shreyas P, Siddharth-Garima",Zee Music Company,Music,2025-07-28T10:30:01Z,10033403,65081,2141,https://www.youtube.com/watch?v=gsM0YSX_fqA
dnUK1fXElqQ,Franklin Trying To Save His House From Tsunami In GTA 5 | SHINCHAN and CHOP,HAMID-T GAMING,Gaming,2025-07-29T09:01:02Z,350464,5181,1007,https://www.youtube.com/watch?v=dnUK1fXElqQ
aRMle9Uwrf0,"‡§§‡•Ä‡§∏‡§∞‡§æ ‡§∏‡§æ‡§µ‡§® ‡§¨‡•Å‡§ß‡§µ‡§æ‡§∞ ‡§∏‡•ç‡§™‡•á‡§∂‡§≤- ‡§∏‡§Ç‡§ï‡§ü ‡§π‡§∞ ‡§≤‡•ã ‡§Æ‡§Ç‡§ó‡§≤ ‡§ï‡§∞ ‡§¶‡•ã, ‡§∏‡§æ‡§µ‡§® ‡§ï‡•Ä ‡§¨‡§∞‡§∏‡•á ‡§∞‡§ø‡§Æ‡§ù‡§ø‡§Æ ‡§´‡•Å‡§π‡§æ‡§∞, ‡§Ü‡§Ø‡•á ‡§ó‡§ú‡§æ‡§®‡§® ‡§ó‡•å‡§∞‡§æ ‡§ú‡•Ä #sawan",Ganga Devotional,People & Blogs,2025-07-29T22:15:00Z,32861,227,11,https://www.youtube.com/watch?v=aRMle9Uwrf0
PKE0XyJQsms,"I WON $100,000 IN SQUID GAME",Techno Gamerz,Gaming,2025-07-26T03:30:13Z,6168257,215969,12487,https://www.youtube.com/watch?v=PKE0XyJQsms
n3_5yt8F6Ew,Bilanchi Nagin Nighali (SoundCheck) DJ Shubham K | Bilanchi Nagin Nighali Marathi Song Dj Remix,DJ Shubham K Official,Music,2025-07-29T05:30:06Z,67050,785,18,https://www.youtube.com/watch?v=n3_5yt8F6Ew
trqnzE0Rgks,DASH GOT SICK AND NOBODY CARES !!!!,Dash Empire,Gaming,2025-07-29T13:50:58Z,202172,3072,172,https://www.youtube.com/watch?v=trqnzE0Rgks
wrKVpcXSqY4,‡§®‡§æ‡§ó‡§™‡§Ç‡§ö‡§Æ‡•Ä ‡§∏‡•ç‡§™‡•á‡§∂‡§≤ üêç Nagpanchmi Nonstop Marathi Songs 2025 üïâÔ∏è ‡§®‡§æ‡§ó‡§¶‡•á‡§µ‡§§‡•á‡§ö‡•Ä ‡§≠‡§ï‡•ç‡§§‡•Ä‡§Æ‡§Ø ‡§ó‡§æ‡§£‡•Ä üôè‡§®‡§æ‡§ó‡§™‡§Ç‡§ö‡§Æ‡•Ä 2025,Ultra Devotional Marathi ,Music,2025-07-28T23:01:02Z,74865,208,2,https://www.youtube.com/watch?v=wrKVpcXSqY4
sx_PvQJ5vKc,Franklin Saving His House From Zombie Brainrots In Indian Bike Driving 3D,HandsomeGamer,People & Blogs,2025-07-28T01:30:32Z,594844,0,76,https://www.youtube.com/watch?v=sx_PvQJ5vKc
CQSzGF9VAak,Ekka Maar Video Song | EKKA | Yuva Rajkumar | Rohit Padaki | Charan raj,Anand Audio,Entertainment,2025-07-28T11:48:20Z,159147,7720,239,https://www.youtube.com/watch?v=CQSzGF9VAak
shz7auiKBZY,i Found Scariest TUNG TUNG üò± in Minecraft | Minecraft Horror |,Prabu,People & Blogs,2025-07-29T12:50:12Z,159214,675,10,https://www.youtube.com/watch?v=shz7auiKBZY
5UltQDC33AQ,‡§¨‡•Å‡§ß‡§µ‡§æ‡§∞ ‡§ï‡•á ‡§¶‡§ø‡§® ‡§∏‡§≠‡•Ä ‡§ó‡•ç‡§∞‡§π‡•ã‡§Ç ‡§∏‡•á ‡§Æ‡•Å‡§ï‡•ç‡§§‡§ø ‡§¶‡§ø‡§≤‡§æ‡§è‡§ó‡§æ ‡§Ø‡•á #‡§∏‡•Å‡§Ç‡§¶‡§∞‡§ï‡§æ‡§£‡•ç‡§° ‡§™‡§æ‡§† ‡§Æ‡§æ‡§§‡•ç‡§∞ 30 ‡§Æ‡§ø‡§®‡§ü ‡§∏‡•Å‡§® ‡§≤‡•á‡§®‡§æ ~ #sundarkand,Mantra Ucharan,Music,2025-07-29T21:30:01Z,28936,458,55,https://www.youtube.com/watch?v=5UltQDC33AQ
